text,label
مرحبا,out_of_scope
open HBO Max and look for Game of Thrones,open_app_and_search
مرحبا,out_of_scope
أريد معرفة معلومات عن أسعار السيارات,search
look for fantasy series,search
show me survival shows,search
search zombie shows,search
turn on the lights,out_of_scope
أريد معرفة معلومات عن تمارين رياضية,search
افتح تطبيق TikTok,open_app
look for cooking shows,search
change time zone,settings
I need someone to talk to,out_of_scope
افتح Instagram وابحث عن فيديوهات تعليمية,open_app_and_search
ادخل على تطبيق Twitter,open_app
find me a series,search
my hands are full,out_of_scope
search for Oscar winners,search
launch Apple TV,open_app
look for shows starring Steve Carell,search
اختبرني في الرياضيات,out_of_scope
مش فاهم,out_of_scope
احكيلي نكتة,out_of_scope
احكيلي نكتة,out_of_scope
روح على Instagram واعرض آخر الأخبار,open_app_and_search
search for true crime on Hulu,open_app_and_search
ابحث عن وصفات طبخ,search
start HGTV,open_app
الغ وضع الطيران,settings
turn off the lights,out_of_scope
find parkour videos,search
افتح تطبيق Instagram,open_app
find documentaries on Apple TV,open_app_and_search
turn off volume leveling,settings
turn on the fan,out_of_scope
افتح Google عشان أدور على فيديوهات تعليمية,open_app_and_search
switch to Netflix and search for horror,open_app_and_search
روح على Chrome واعرض فيديوهات تعليمية,open_app_and_search
turn on the air conditioner,out_of_scope
go Disney Plus search Marvel content fast,open_app_and_search
افتح تطبيق Snapchat,open_app
طفي البلوتوث,settings
افتح تطبيق TikTok,open_app
turn off the alarm,out_of_scope
ادخل على WiFi,settings
ادخل على تطبيق Snapchat,open_app
دور على وظائف متاحة,search
مرحبا,out_of_scope
كيف أقدر ألاقي أماكن سياحية,search
افتح YouTube وابحث عن كتب مفيدة,open_app_and_search
set clock,settings
شغل تطبيق Gmail,open_app
Prime Video search phrase action movies,open_app_and_search
bring me HBO Max,open_app
شو رأيك بالسياسة؟,out_of_scope
launch Deezer,open_app
boot up Disney Plus and search for classics,open_app_and_search
ادخل على تطبيق YouTube,open_app
search Nordic noir,search
turn on my phone,out_of_scope
set subtitles to French,settings
launch Paramount Plus and find Yellowstone,open_app_and_search
شغل برنامج TikTok,open_app
شو أطبخ اليوم؟,out_of_scope
find movies released in 2024,search
change subtitle color,settings
set volume to 50,settings
أنا جوعان,out_of_scope
شو رأيك بالسياسة؟,out_of_scope
look for game shows,search
فعل الموقع,settings
find French films,search
عايز معلومات عن تمارين رياضية,search
enable parental controls,settings
ادخل Facebook وشوف برامج مشهورة,open_app_and_search
قلل الإضاءة,settings
look for HDR films,search
turn off the computer,out_of_scope
ابحث عن سعر الدولار,search
افتح Chrome وابحث عن كتب مفيدة,open_app_and_search
ادخل على تطبيق Twitter,open_app
move to HBO Max,open_app
start content platform,open_app
why is the sky blue,out_of_scope
افتح Instagram وابحث عن آخر الأخبار,open_app_and_search
ابحث عن أماكن سياحية,search
I’m thinking deeply,out_of_scope
ممكن تدور على سعر الدولار,search
look for action movies on Prime Video,open_app_and_search
activate Disney Plus,open_app
find revenge movies,search
مرحبا,out_of_scope
my internet keeps dropping,out_of_scope
افتح Google عشان أدور على كتب مفيدة,open_app_and_search
I can’t sleep,out_of_scope
enable bass boost,settings
اذهب إلى الإعدادات,settings
can you tell me about yourself,out_of_scope
الغ GPS,settings
look for feature length,search
شغل Facebook ودور على كتب مفيدة,open_app_and_search
عايز معلومات عن سعر الدولار,search
launch Prime Video and I need action movies,open_app_and_search
شغل برنامج YouTube,open_app
I need something to watch,search
set alarm for 7am,out_of_scope
شغل برنامج Instagram,open_app
in Disney Plus search Marvel,open_app_and_search
search Oppenheimer,search
فين ألاقي تمارين رياضية,search
افتح متصفح Chrome,open_app
شو معنى الحياة؟,out_of_scope
search for short films,search
ادخل Chrome وشوف آخر الأخبار,open_app_and_search
find me a movie,search
افتح تطبيق TikTok,open_app
go to Disney Plus streaming and search Marvel,open_app_and_search
launch Hulu and search for true crime,open_app_and_search
start E! Entertainment,open_app
should I go outside,out_of_scope
افتح Google عشان أدور على فيديوهات تعليمية,open_app_and_search
ادخل على متصفح Chrome,open_app
زود السطوع,settings
go to MasterClass,open_app
set temperature to 72 degrees,out_of_scope
افتح Google عشان أدور على أغاني هادئة,open_app_and_search
find martial arts films,search
طفي الانترنت,settings
turn on Dolby Atmos,settings
كيف حالك؟,out_of_scope
show me Prime Video and look for westerns,open_app_and_search
افتح تطبيق Gmail,open_app
مش فاهم,out_of_scope
connect headphones,settings
ارويلي قصة,out_of_scope
شغل Instagram ودور على صور طبيعة,open_app_and_search
ارفع الصوت,settings
who created you,out_of_scope
نعم,out_of_scope
افتح الإعدادات,settings
ادخل YouTube وشوف مباريات اليوم,open_app_and_search
adjust volume,settings
open Khan Academy,open_app
find adventure movies,search
Apple TV find documentaries,open_app_and_search
اخفض الاهتزاز,settings
set my location,out_of_scope
ارفع الصوت,settings
open Netflix,open_app
دلني على الطقس اليوم,search
روح على Facebook واعرض فيديوهات تعليمية,open_app_and_search
search content featuring Keanu Reeves,search
it's getting dark,out_of_scope
start Disney Plus to search for classics,open_app_and_search
أريد معرفة معلومات عن سعر الدولار,search
show me pilot episodes,search
I want to open Netflix and search for horror,open_app_and_search
عايز معلومات عن علاج الصداع,search
translate to Spanish,out_of_scope
enable auto volume,settings
look for true crime shows,search
افتح YouTube عشان أدور على أغاني هادئة,open_app_and_search
launch the yoga app,open_app
move to Prime Video and look for thrillers,open_app_and_search
اختبرني في الرياضيات,out_of_scope
افتح تطبيق WhatsApp,open_app
افتح متصفح Chrome,open_app
I'm thinking about buying a bicycle,out_of_scope
I want to try something new,out_of_scope
my car won't start,out_of_scope
switch language,settings
ادخل Chrome وشوف صور طبيعة,open_app_and_search
show me documentaries,search
روح على الإعدادات,settings
switch to HDMI 3,settings
translate to French,out_of_scope
ادخل YouTube وشوف كتب مفيدة,open_app_and_search
ممكن تدور على وصفات طبخ,search
using Disney Plus search Marvel content,open_app_and_search
افتح تطبيق TikTok الآن,open_app
ابحث عن أخبار الرياضة,search
شغل Chrome ودور على مطاعم قريبة,open_app_and_search
I'm annoyed right now,out_of_scope
get me Disney Plus and search animations,open_app_and_search
change to Russian,settings
go to TuneIn,open_app
switch WiFi network,settings
افتح YouTube وابحث عن برامج مشهورة,open_app_and_search
ادخل على إعدادات الصوت,settings
شو أخبارك؟,out_of_scope
نعم,out_of_scope
I’m heading to the gym,out_of_scope
افتح Chrome عشان أدور على مطاعم قريبة,open_app_and_search
اليوم كان طويل,out_of_scope
افتح تطبيق Maps الآن,open_app
find thriller movies,search
اختبرني في الرياضيات,out_of_scope
go to Tennis Channel,open_app
شغل برنامج WhatsApp,open_app
عايز معلومات عن مواعيد الصلاة,search
show me sci-fi movies,search
دلني على أفلام جديدة,search
ارفع الاهتزاز,settings
ممكن تدور على محلات ملابس قريبة,search
شو رأيك بالسياسة؟,out_of_scope
go to photos,open_app
change date,settings
شو معنى الحياة؟,out_of_scope
كيف حالك؟,out_of_scope
اذهب إلى إعدادات الشاشة,settings
شغل برنامج YouTube,open_app
افتح تطبيق Instagram,open_app
look for train documentaries,search
can you be my friend,out_of_scope
شغل تطبيق YouTube,open_app
Netflix now,open_app
افتح تطبيق Maps,open_app
go to YouTube and find cat videos,open_app_and_search
مش فاهم,out_of_scope
go to All 4,open_app
ابحث عن أخبار الرياضة,search
launch YouTube then search cat videos,open_app_and_search
فعل الانترنت,settings
how do you say hello in Italian,out_of_scope
use YouTube to find tutorials,open_app_and_search
change sharpness,settings
شغل Facebook ودور على صور طبيعة,open_app_and_search
my hair is messy,out_of_scope
افتح تطبيق Snapchat الآن,open_app
I’m learning a new language,out_of_scope
I’m feeling emotional,out_of_scope
افتح البلوتوث,settings
طفي الموقع,settings
turn off screen saver,settings
start Prime Video now,open_app
طفي التنبيهات,settings
افتح Chrome وابحث عن مطاعم قريبة,open_app_and_search
فعل وضع الطيران,settings
I’m so stressed,out_of_scope
افتح YouTube وابحث عن أغاني هادئة,open_app_and_search
disable auto-update,settings
افتح Google وابحث عن فيديوهات تعليمية,open_app_and_search
اقفل WiFi,settings
find 3D movies available,search
say this in Korean,out_of_scope
افتح Chrome عشان أدور على فيديوهات تعليمية,open_app_and_search
دلني على سعر الدولار,search
افتح YouTube وابحث عن برامج مشهورة,open_app_and_search
move subtitles down,settings
YouTube and find tutorials,open_app_and_search
find single season shows,search
translate this sentence to Russian,out_of_scope
search for films starring Matt Damon,search
افتح الانترنت,settings
افتح تطبيق TikTok,open_app
translate document to English,out_of_scope
افتح وضع الطيران,settings
افتح الإعدادات,settings
adjust audio delay,settings
شو معنى الحياة؟,out_of_scope
ارويلي قصة,out_of_scope
use TV speakers,settings
اذهب إلى الإعدادات,settings
open Edge browser,open_app
شو رأيك بالسياسة؟,out_of_scope
find Christmas movies,search
فعل الانترنت,settings
I’m worried about something,out_of_scope
افتح تطبيق YouTube,open_app
go to component input,settings
ممكن تدور على تمارين رياضية,search
start Crave,open_app
search for Inception on Netflix,open_app_and_search
عايز معلومات عن تمارين رياضية,search
what's the German word for cat,out_of_scope
روح على Facebook واعرض مباريات اليوم,open_app_and_search
open Netflix then find Inception,open_app_and_search
open Hallmark Channel,open_app
launch Udemy,open_app
switch to Hindi,settings
change website language to Dutch,out_of_scope
get YouTube with find for music,open_app_and_search
روح على Instagram واعرض صور طبيعة,open_app_and_search
ممكن تدور على محلات ملابس قريبة,search
I need Netflix and I want to search Inception,open_app_and_search
adjust the temperature,out_of_scope
ادخل Instagram وشوف صور طبيعة,open_app_and_search
ممكن تدور على أفلام جديدة,search
start the Prime Video application,open_app
ادخل على تطبيق Maps,open_app
I'm waiting for my friend to text,out_of_scope
adjust subtitle position,settings
make it louder,settings
شغل تطبيق WhatsApp,open_app
boot up Prime Video,open_app
افتح تطبيق YouTube,open_app
brightness down,settings
شو معنى الحياة؟,out_of_scope
شغل البلوتوث,settings
unpair Bluetooth device,settings
open the Netflix application,open_app
لا,out_of_scope
I don't like Mondays,out_of_scope
ابحث عن الطقس اليوم,search
start the photo gallery,open_app
adjust picture settings,settings
شغل Google ودور على آخر الأخبار,open_app_and_search
show me robot movies,search
my phone just died,out_of_scope
افتح الإعدادات,settings
search for magic shows,search
مش فاهم,out_of_scope
open Discovery Plus,open_app
my back hurts,out_of_scope
كيف أقدر ألاقي سعر الدولار,search
can you dance,out_of_scope
decrease brightness,settings
كيف أقدر ألاقي أسعار السيارات,search
I need a vacation,out_of_scope
شو أخبارك؟,out_of_scope
on YouTube find cooking videos,open_app_and_search
دور على أخبار الرياضة,search
please launch YouTube,open_app
افتح البيانات,settings
search audio described films,search
I'm bored,out_of_scope
pull up YouTube and search for tech reviews,open_app_and_search
open my streaming app,open_app
look for Game of Thrones on HBO Max,open_app_and_search
شغل وضع الطيران,settings
turn off captions,settings
افتح Google عشان أدور على برامج مشهورة,open_app_and_search
افتح تطبيق WhatsApp,open_app
can you cheer me up,out_of_scope
دلني على سعر الدولار,search
عايز معلومات عن محلات ملابس قريبة,search
launch that streaming thing,open_app
set to standard mode,settings
make subtitles smaller,settings
go to Tubi,open_app
طفي التنبيهات,settings
change my password,out_of_scope
افتح GPS,settings
افتح تطبيق Facebook,open_app
ادخل على تطبيق TikTok,open_app
search Stranger Things,search
افتح YouTube وابحث عن أغاني هادئة,open_app_and_search
افتح Google وابحث عن كتب مفيدة,open_app_and_search
adjust the lighting in the room,out_of_scope
go to the movie streaming app,open_app
شغل البلوتوث,settings
افتح تطبيق YouTube الآن,open_app
فين ألاقي أسعار السيارات,search
ممكن تدور على أماكن سياحية,search
اختبرني في الرياضيات,out_of_scope
دور على كورسات برمجة,search
go to Spotify and play rock music,open_app_and_search
شو أخبارك؟,out_of_scope
ارويلي قصة,out_of_scope
open Disney Plus and find Mandalorian,open_app_and_search
شغل تطبيق Instagram,open_app
افتح تطبيق Instagram,open_app
via Disney Plus search for classics,open_app_and_search
نعم,out_of_scope
افتح YouTube عشان أدور على آخر الأخبار,open_app_and_search
اقفل البيانات,settings
ارفع الصوت,settings
look for courtroom dramas,search
نعم,out_of_scope
غنيلي أغنية,out_of_scope
turn on volume leveling,settings
update software,settings
روح على Google واعرض مباريات اليوم,open_app_and_search
افتح إعدادات الصوت,settings
غنيلي أغنية,out_of_scope
افتح تطبيق Netflix,open_app
adjust time,settings
افتح تطبيق Chrome,open_app
I'm thinking about quitting my job,out_of_scope
start Disney Plus and search for Marvel,open_app_and_search
launch Netflix and find horror films,open_app_and_search
افتح Chrome عشان أدور على فيديوهات تعليمية,open_app_and_search
look for Top Gun,search
نعم,out_of_scope
I’m going on vacation soon,out_of_scope
دور على تمارين رياضية,search
my mind is blank,out_of_scope
open that movie app,open_app
Spotify,open_app
افتح تطبيق Instagram الآن,open_app
open Netflix to search for documentaries,open_app_and_search
find biographical content,search
start MLB TV,open_app
دلني على أسعار الذهب,search
through Prime Video look for thrillers,open_app_and_search
I’m stuck on a decision,out_of_scope
طفي الموقع,settings
ابحث عن الطقس اليوم,search
search for romantic comedies,search
switch to external speakers,settings
open HBO Max,open_app
ابحث عن أخبار الرياضة,search
take me to YouTube,open_app
change my email address,out_of_scope
find cinematic universe,search
طفي البلوتوث,settings
show network settings,settings
increase volume,settings
شغل تطبيق Snapchat,open_app
find racing movies,search
open PBS,open_app
افتح تطبيق YouTube الآن,open_app
I’m feeling grateful,out_of_scope
افتح Facebook وابحث عن كتب مفيدة,open_app_and_search
what’s your name,out_of_scope
نعم,out_of_scope
check system version,settings
ارويلي قصة,out_of_scope
change to Disney Plus,open_app
افتح YouTube عشان أدور على فيديوهات تعليمية,open_app_and_search
افتح تطبيق Instagram,open_app
روح على YouTube واعرض فيديوهات تعليمية,open_app_and_search
Disney,open_app
اقفل الوضع الصامت,settings
adjust my privacy settings on Facebook,out_of_scope
find mountain climbing documentaries,search
turn off Bluetooth,settings
أريد معرفة معلومات عن أخبار الرياضة,search
start my Netflix account,open_app
احكيلي نكتة,out_of_scope
load Spotify,open_app
شغل Facebook ودور على مطاعم قريبة,open_app_and_search
كيف حالك؟,out_of_scope
تمام,out_of_scope
look for films by Quentin Tarantino,search
افتح الموقع,settings
"open Netflix, search for comedies",open_app_and_search
افتح تطبيق Facebook الآن,open_app
اخفض الاهتزاز,settings
افتح تطبيق YouTube,open_app
change the background color on my website,out_of_scope
دور على أخبار الرياضة,search
find crime dramas,search
open audio streaming,open_app
enable closed captions,settings
start Coursera,open_app
كيف أقدر ألاقي تمارين رياضية,search
launch Philo,open_app
turn down the sound,settings
should I study or rest,out_of_scope
فين ألاقي أسعار الذهب,search
I want to watch Netflix,open_app
فعل الوضع الصامت,settings
I’m stuck in traffic,out_of_scope
find Bollywood movies,search
find series with Jennifer Aniston,search
open Netflix search Inception right now,open_app_and_search
مرحبا,out_of_scope
go to Peacock,open_app
افتح WiFi,settings
begin Netflix,open_app
I forgot my password,out_of_scope
شغل برنامج Instagram,open_app
ارفع السطوع,settings
I’m hungry again,out_of_scope
change audio output,settings
my phone battery is dying,out_of_scope
مرحبا,out_of_scope
ارويلي قصة,out_of_scope
cycle through inputs,settings
افتح الموقع,settings
ارويلي قصة,out_of_scope
اليوم كان طويل,out_of_scope
شغل Chrome ودور على فيديوهات تعليمية,open_app_and_search
فين ألاقي الطقس اليوم,search
افتح تطبيق WhatsApp الآن,open_app
اليوم كان طويل,out_of_scope
شغل تطبيق Instagram,open_app
افتح تطبيق Gmail,open_app
أنا جوعان,out_of_scope
شغل تطبيق Snapchat,open_app
could you open Disney Plus and find Pixar,open_app_and_search
ارويلي قصة,out_of_scope
افتح تطبيق Gmail,open_app
show me coming of age films,search
اقفل وضع الطيران,settings
افتح تطبيق Maps الآن,open_app
اقفل الوضع الصامت,settings
louder please,settings
I’m thinking about sleeping early,out_of_scope
reset network settings,settings
life is complicated,out_of_scope
فعل الموقع,settings
فعل البيانات,settings
ابحث عن وظائف متاحة,search
move subtitles up,settings
شغل التنبيهات,settings
ادخل Instagram وشوف صور طبيعة,open_app_and_search
adjust my insurance coverage,out_of_scope
let me use Netflix to search for comedies,open_app_and_search
ادخل على تطبيق Twitter,open_app
search for circus documentaries,search
enable notifications on my phone,out_of_scope
jump to Disney Plus and search Pixar,open_app_and_search
شغل Instagram ودور على برامج مشهورة,open_app_and_search
شغل تطبيق Gmail,open_app
شو معنى الحياة؟,out_of_scope
open Hulu and search for Bob's Burgers,open_app_and_search
search reality shows,search
cancel sleep timer,settings
sleep timer 30 minutes,settings
I'm drinking tea,out_of_scope
افتح تطبيق Chrome,open_app
open the red app,open_app
افتح Google وابحث عن فيديوهات تعليمية,open_app_and_search
I want to take a nap,out_of_scope
run network test,settings
what's good to watch,search
open Prime Video and search for fantasy series,open_app_and_search
search for new releases,search
load the Disney Plus app,open_app
شغل Instagram ودور على فيديوهات تعليمية,open_app_and_search
مش فاهم,out_of_scope
open VH1,open_app
start the entertainment app,open_app
فعل وضع الطيران,settings
افتح تطبيق Maps الآن,open_app
Hulu,open_app
find The Mandalorian,search
I want to write a book,out_of_scope
زود الإضاءة,settings
اذهب إلى الإعدادات,settings
ممكن تدور على علاج الصداع,search
I’m feeling brave today,out_of_scope
launch the video platform,open_app
my room is messy,out_of_scope
كيف أقدر ألاقي كورسات برمجة,search
Netflix,open_app
search for dystopian movies,search
اختبرني في الرياضيات,out_of_scope
show me psychological thrillers,search
go to Netflix app,open_app
fire up Prime Video and look for thriller movies,open_app_and_search
غنيلي أغنية,out_of_scope
دلني على وصفات طبخ,search
open the app for movies,open_app
I feel sleepy after lunch,out_of_scope
افتح Google عشان أدور على فيديوهات تعليمية,open_app_and_search
أريد معرفة معلومات عن علاج الصداع,search
افتح الموقع,settings
روح على Chrome واعرض أغاني هادئة,open_app_and_search
شغل Chrome ودور على أغاني هادئة,open_app_and_search
افتح Google عشان أدور على مباريات اليوم,open_app_and_search
نعم,out_of_scope
I’m going to visit my family,out_of_scope
show me alien invasion films,search
طفي الانترنت,settings
I'm planning a surprise for someone,out_of_scope
ادخل على تطبيق Maps,open_app
go to Travel Channel,open_app
افتح إعدادات الشاشة,settings
شو أطبخ اليوم؟,out_of_scope
روح على YouTube واعرض برامج مشهورة,open_app_and_search
show me submarine movies,search
change picture mode,settings
Netflix show me Inception,open_app_and_search
اليوم كان طويل,out_of_scope
دلني على وظائف متاحة,search
ادخل Instagram وشوف مباريات اليوم,open_app_and_search
افتح YouTube وابحث عن مباريات اليوم,open_app_and_search
فين ألاقي أفضل المطاعم,search
اختبرني في الرياضيات,out_of_scope
ممكن تدور على كورسات برمجة,search
launch Prime Video and look for action movies,open_app_and_search
increase saturation,settings
connect to soundbar,settings
look up action on Prime Video,open_app_and_search
launch YouTube,open_app
I feel dizzy,out_of_scope
طفي الموقع,settings
launch MUBI,open_app
شغل WiFi,settings
كيف أقدر ألاقي وظائف متاحة,search
I feel energetic today,out_of_scope
change input to HDMI 2,settings
ارويلي قصة,out_of_scope
شو أطبخ اليوم؟,out_of_scope
make subtitles bigger,settings
tell me a joke,out_of_scope
فعل الموقع,settings
ادخل على تطبيق WhatsApp,open_app
شغل برنامج Maps,open_app
روح على Google واعرض آخر الأخبار,open_app_and_search
open My5,open_app
disable cookies,out_of_scope
adjust sharpness,settings
change to warm color,settings
fire Netflix and search thriller series,open_app_and_search
روح على Chrome واعرض برامج مشهورة,open_app_and_search
اليوم كان طويل,out_of_scope
طفي الوضع الصامت,settings
شغل WiFi,settings
ابحث عن سعر الدولار,search
turn on ambient mode,settings
I’m holding a cup of tea,out_of_scope
I'm stretching a bit,out_of_scope
launch History Channel,open_app
اليوم كان طويل,out_of_scope
max volume,settings
ارويلي قصة,out_of_scope
lower the brightness,settings
احكيلي نكتة,out_of_scope
قلل الإضاءة,settings
افتح Instagram وابحث عن برامج مشهورة,open_app_and_search
ممكن تدور على سعر الدولار,search
go to Apple TV and search for Foundation,open_app_and_search
enable dark mode on my browser,out_of_scope
روح على Facebook واعرض مطاعم قريبة,open_app_and_search
كيف أقدر ألاقي وظائف متاحة,search
افتح Google عشان أدور على كتب مفيدة,open_app_and_search
افتح وضع الطيران,settings
مرحبا,out_of_scope
شغل تطبيق Snapchat,open_app
change to Chinese,settings
افتح Instagram عشان أدور على صور طبيعة,open_app_and_search
روح على YouTube واعرض آخر الأخبار,open_app_and_search
الغ الانترنت,settings
احكيلي نكتة,out_of_scope
I missed breakfast,out_of_scope
execute the Spotify app,open_app
فين ألاقي محلات ملابس قريبة,search
شو أطبخ اليوم؟,out_of_scope
افتح تطبيق Facebook الآن,open_app
ادخل على تطبيق Snapchat,open_app
open Cooking Channel,open_app
ادخل على متصفح Chrome,open_app
I want to learn guitar,out_of_scope
أنا جوعان,out_of_scope
open Amazon Music,open_app
افتح Google عشان أدور على أغاني هادئة,open_app_and_search
عايز معلومات عن أفضل المطاعم,search
ادخل على تطبيق Facebook,open_app
search films with Brad Pitt,search
افتح تطبيق Facebook,open_app
disable automatic updates,out_of_scope
افتح تطبيق Gmail,open_app
go to Lifetime,open_app
اقفل البلوتوث,settings
find treasure hunt films,search
launch Food Network,open_app
افتح تطبيق Maps الآن,open_app
I feel hopeful,out_of_scope
افتح تطبيق TikTok الآن,open_app
شغل برنامج TikTok,open_app
could you open Disney Plus,open_app
start Xumo,open_app
تمام,out_of_scope
افتح تطبيق Snapchat الآن,open_app
دور على أخبار الرياضة,search
طفي وضع الطيران,settings
launch Pluto TV,open_app
اقفل الموقع,settings
enable two factor authentication,out_of_scope
الغ التنبيهات,settings
open Dailymotion,open_app
go to the game store,open_app
search Netflix for Inception,open_app_and_search
I’m feeling tired,out_of_scope
adjust equalizer,settings
دور على أفضل المطاعم,search
اقفل WiFi,settings
start GoPro,open_app
كيف حالك؟,out_of_scope
شو أخبارك؟,out_of_scope
change system language,settings
شغل تطبيق WhatsApp,open_app
I’m cooking dinner,out_of_scope
go to Discovery,open_app
go to Disney Plus,open_app
روح على Chrome واعرض مباريات اليوم,open_app_and_search
my friend canceled,out_of_scope
find archeology documentaries,search
turn the volume all the way down,settings
start the app for shows,open_app
go to Shudder,open_app
make screen darker,settings
عايز معلومات عن تمارين رياضية,search
لا,out_of_scope
use Prime Video search and look for action,open_app_and_search
افتح التنبيهات,settings
find cat videos on YouTube,open_app_and_search
طفي البيانات,settings
اقفل الموقع,settings
go to Prime Video and search for Tom Hanks movies,open_app_and_search
عايز معلومات عن أفضل المطاعم,search
شو رأيك بالسياسة؟,out_of_scope
start Pandora,open_app
search movies in Spanish,search
what should I eat today,out_of_scope
load Hulu and search for reality shows,open_app_and_search
take me to Netflix and search horror,open_app_and_search
open Netflix and search Stranger Things,open_app_and_search
شغل برنامج Netflix,open_app
كيف أقدر ألاقي أماكن سياحية,search
I feel too hot,out_of_scope
I’m going to take a shower,out_of_scope
افتح تطبيق Instagram,open_app
افتح التنبيهات,settings
أريد معرفة معلومات عن أفضل المطاعم,search
turn on screen saver,settings
افتح Chrome وابحث عن أغاني هادئة,open_app_and_search
my plans got canceled,out_of_scope
go to Spotify and find jazz playlists,open_app_and_search
اختبرني في الرياضيات,out_of_scope
دور على أفضل المطاعم,search
افتح Chrome عشان أدور على أغاني هادئة,open_app_and_search
افتح تطبيق Gmail,open_app
I’m stuck outside,out_of_scope
search The Last of Us,search
افتح تطبيق WhatsApp,open_app
دور على أسعار السيارات,search
start Prime Video and look for The Boys,open_app_and_search
روح على WiFi,settings
شغل Google ودور على كتب مفيدة,open_app_and_search
Prime Video show me action movies,open_app_and_search
my day was okay,out_of_scope
open the Netflix app and find crime documentaries,open_app_and_search
I don’t understand my homework,out_of_scope
ابحث عن وصفات طبخ,search
search for samurai movies,search
شغل تطبيق Facebook,open_app
change caption background,settings
ادخل على تطبيق Snapchat,open_app
افتح Google عشان أدور على صور طبيعة,open_app_and_search
my head hurts,out_of_scope
كيف أقدر ألاقي وصفات طبخ,search
show me Prime Video and I'll search action,open_app_and_search
شو رأيك بالسياسة؟,out_of_scope
كيف حالك؟,out_of_scope
احكيلي نكتة,out_of_scope
unmute,settings
مش فاهم,out_of_scope
look for book to film,search
افتح Instagram وابحث عن فيديوهات تعليمية,open_app_and_search
look for food shows,search
disable dynamic contrast,settings
شغل تطبيق Facebook,open_app
adjust color,settings
احكيلي نكتة,out_of_scope
switch to AV input,settings
run the HBO Max app,open_app
disable kids mode,settings
افتح تطبيق Facebook,open_app
query YouTube for cat videos,open_app_and_search
enable airplane mode,out_of_scope
launch my music app,open_app
Disney Plus show me Marvel,open_app_and_search
ممكن تدور على سعر الدولار,search
launch YouTube then find workout videos,open_app_and_search
enable voice assistant on phone,out_of_scope
I want HBO Max,open_app
كيف أقدر ألاقي وصفات طبخ,search
find newly added content,search
I didn't sleep well,out_of_scope
I had a strange dream,out_of_scope
find box office hits,search
in Netflix search for horror,open_app_and_search
search what's new,search
افتح التنبيهات,settings
مش فاهم,out_of_scope
open Netflix and find thriller movies,open_app_and_search
launch YouTube and search for music videos,open_app_and_search
دلني على سعر الدولار,search
I need a nap,out_of_scope
open Criterion Channel,open_app
go to Disney Plus and execute a search for Marvel,open_app_and_search
افتح تطبيق Gmail,open_app
switch to cinema mode,settings
I’m sitting on the floor,out_of_scope
look for R rated films,search
check storage,settings
I don’t feel motivated,out_of_scope
go to Prime Video and look for sci-fi,open_app_and_search
start Disney Plus and find Pixar films,open_app_and_search
I’m thinking about my goals,out_of_scope
navigate to YouTube,open_app
ابحث عن تمارين رياضية,search
find something with Tom Hanks,search
reset audio settings,settings
عايز معلومات عن أفلام جديدة,search
احكيلي نكتة,out_of_scope
كيف حالك؟,out_of_scope
افتح GPS,settings
روح على YouTube واعرض مطاعم قريبة,open_app_and_search
decrease the sound,settings
I'm watching people outside,out_of_scope
دور على أسعار السيارات,search
افتح تطبيق Instagram الآن,open_app
شغل Google ودور على صور طبيعة,open_app_and_search
أريد معرفة معلومات عن أفلام جديدة,search
I’m waiting in line,out_of_scope
طفي البيانات,settings
start Xbox app,open_app
افتح متصفح Chrome,open_app
open Hulu and search for crime shows,open_app_and_search
launch Netflix and look for horror content,open_app_and_search
أريد معرفة معلومات عن أفضل المطاعم,search
change sound mode,settings
show me recent uploads,search
get Netflix and search for documentaries,open_app_and_search
اختبرني في الرياضيات,out_of_scope
قلل الصوت,settings
I want to relax,out_of_scope
use Disney Plus,open_app
launch Rakuten,open_app
I burned my food,out_of_scope
أريد معرفة معلومات عن أماكن سياحية,search
مش فاهم,out_of_scope
شغل برنامج TikTok,open_app
Hulu search true crime,open_app_and_search
my legs hurt,out_of_scope
اليوم كان طويل,out_of_scope
دلني على أفضل المطاعم,search
I feel like dancing,out_of_scope
query Netflix for Inception,open_app_and_search
اذهب إلى WiFi,settings
launch the YouTube application,open_app
enter YouTube,open_app
show me something good,search
ارويلي قصة,out_of_scope
لا,out_of_scope
ادخل Chrome وشوف أغاني هادئة,open_app_and_search
ادخل على تطبيق Instagram,open_app
find wilderness survival shows,search
افتح إعدادات الصوت,settings
change volume,settings
I’m waiting for my friend,out_of_scope
افتح تطبيق Maps,open_app
go to MTV,open_app
ادخل YouTube وشوف فيديوهات تعليمية,open_app_and_search
open the TV show app,open_app
ادخل على تطبيق Snapchat,open_app
فعل الوضع الصامت,settings
reduce screen brightness,settings
order food delivery,out_of_scope
load Prime Video and look for westerns,open_app_and_search
launch my Prime membership,open_app
افتح Chrome وابحث عن مطاعم قريبة,open_app_and_search
افتح YouTube وابحث عن أغاني هادئة,open_app_and_search
order pizza from Dominos,out_of_scope
ممكن تدور على وصفات طبخ,search
اذهب إلى الإعدادات,settings
افتح تطبيق Netflix,open_app
احكيلي نكتة,out_of_scope
I woke up too early,out_of_scope
search Everything Everywhere All at Once,search
افتح Chrome وابحث عن مطاعم قريبة,open_app_and_search
set language to Spanish,settings
روح على Instagram واعرض كتب مفيدة,open_app_and_search
book a restaurant reservation,out_of_scope
افتح التنبيهات,settings
find adaptations of novels,search
open Netflix then search for thrillers,open_app_and_search
I’m drinking water,out_of_scope
زود الإضاءة,settings
اختبرني في الرياضيات,out_of_scope
اليوم كان طويل,out_of_scope
ارويلي قصة,out_of_scope
disconnect headphones,settings
ادخل على تطبيق Snapchat,open_app
أنا جوعان,out_of_scope
go to YouTube and find gaming videos,open_app_and_search
start Spotify and play pop music,open_app_and_search
شغل GPS,settings
افتح WiFi,settings
tell me a random fact,out_of_scope
غنيلي أغنية,out_of_scope
go to VRV,open_app
factory reset,settings
كيف أقدر ألاقي وصفات طبخ,search
فعل GPS,settings
open Prime Video and search for classics,open_app_and_search
launch HBO Max and find superhero movies,open_app_and_search
I want to watch Marvel movies,search
افتح متصفح Chrome,open_app
I broke my headphones,out_of_scope
دلني على أسعار السيارات,search
كيف حالك؟,out_of_scope
شغل Facebook ودور على أغاني هادئة,open_app_and_search
search for musicals,search
show me films featuring Morgan Freeman,search
increase subtitle font,settings
modify caption appearance,settings
ارويلي قصة,out_of_scope
I’m in a hurry,out_of_scope
افتح التنبيهات,settings
Netflix and search for standup specials,open_app_and_search
YouTube find workout routines,open_app_and_search
enable kids mode,settings
اليوم كان طويل,out_of_scope
افتح تطبيق Gmail,open_app
change PIN code,settings
ممكن تدور على وظائف متاحة,search
go to YouTube and I'm looking for music,open_app_and_search
احكيلي نكتة,out_of_scope
change subtitle language,settings
show me apocalyptic films,search
أريد معرفة معلومات عن الطقس اليوم,search
access YouTube search bar and find cat videos,open_app_and_search
عايز معلومات عن أماكن سياحية,search
launch TLC,open_app
افتح YouTube عشان أدور على كتب مفيدة,open_app_and_search
لا,out_of_scope
ادخل على تطبيق Maps,open_app
ارويلي قصة,out_of_scope
زود الإضاءة,settings
شغل متصفح Chrome,open_app
search historical dramas,search
open Disney and look for Star Wars content,open_app_and_search
launch Prime and find Tom Cruise movies,open_app_and_search
أريد معرفة معلومات عن سعر الدولار,search
ارفع الاهتزاز,settings
find critically acclaimed movies,search
book a flight to Paris,out_of_scope
check connection status,settings
boot Prime Video and find action content,open_app_and_search
ابحث عن وظائف متاحة,search
book a hotel room,out_of_scope
switch input,settings
افتح Instagram عشان أدور على برامج مشهورة,open_app_and_search
افتح تطبيق Chrome,open_app
I'm feeling shy,out_of_scope
افتح Chrome وابحث عن برامج مشهورة,open_app_and_search
دلني على الطقس اليوم,search
ادخل Instagram وشوف أغاني هادئة,open_app_and_search
شغل Google ودور على كتب مفيدة,open_app_and_search
do you like movies,out_of_scope
أريد معرفة معلومات عن الطقس اليوم,search
شغل وضع الطيران,settings
today is so boring,out_of_scope
افتح تطبيق YouTube الآن,open_app
شغل تطبيق Gmail,open_app
Netflix search Inception,open_app_and_search
pull up Netflix,open_app
I need to calm down,out_of_scope
لا,out_of_scope
روح على Instagram واعرض فيديوهات تعليمية,open_app_and_search
دلني على أسعار الذهب,search
show me Prime Video,open_app
شغل برنامج Gmail,open_app
I’m thinking about my future,out_of_scope
أريد معرفة معلومات عن وظائف متاحة,search
افتح Facebook عشان أدور على صور طبيعة,open_app_and_search
give me Disney Plus,open_app
adjust brightness,settings
look for The Office,search
schedule a doctor appointment,out_of_scope
شغل برنامج Instagram,open_app
شغل Facebook ودور على صور طبيعة,open_app_and_search
change language to English,settings
اخفض الاهتزاز,settings
شغل YouTube ودور على مطاعم قريبة,open_app_and_search
schedule a meeting for tomorrow,out_of_scope
disable closed captions,settings
اذهب إلى WiFi,settings
start National Geographic,open_app
فين ألاقي علاج الصداع,search
open Netflix and search for Inception,open_app_and_search
غنيلي أغنية,out_of_scope
شغل تطبيق Twitter,open_app
launch Netflix and search Wednesday,open_app_and_search
ارفع السطوع,settings
allow me to use Prime Video to look for action,open_app_and_search
cancel my subscription,out_of_scope
change WiFi password,settings
adjust backlight,settings
search medical shows,search
cancel my order,out_of_scope
اقفل التنبيهات,settings
افتح Chrome وابحث عن أغاني هادئة,open_app_and_search
اذهب إلى إعدادات الشاشة,settings
مش فاهم,out_of_scope
الغ WiFi,settings
فين ألاقي الطقس اليوم,search
ادخل على برنامج Spotify,open_app
search 2023 films,search
start Plex,open_app
I’m trying to relax,out_of_scope
find PG-13 content,search
افتح تطبيق Gmail الآن,open_app
go to Netflix and search romantic comedies,open_app_and_search
pull up my YouTube,open_app
تمام,out_of_scope
تمام,out_of_scope
look for Korean dramas,search
set screen timeout,settings
raise volume,settings
افتح تطبيق TikTok,open_app
ادخل على الإعدادات,settings
I’m going to the doctor,out_of_scope
فعل البلوتوث,settings
I'm having a strange day,out_of_scope
turn the volume all the way up,settings
مرحبا,out_of_scope
I lost my keys again,out_of_scope
شو معنى الحياة؟,out_of_scope
افتح Facebook وابحث عن مطاعم قريبة,open_app_and_search
I want to organize my files,out_of_scope
find gladiator movies,search
دلني على أفضل المطاعم,search
Prime Video and look for Tom Hanks,open_app_and_search
شغل برنامج WhatsApp,open_app
fix brightness,settings
check my email,out_of_scope
Prime Video platform start and look for westerns,open_app_and_search
دور على أفلام جديدة,search
افتح WiFi,settings
look for The Matrix,search
send a text message,out_of_scope
in YouTube find music videos,open_app_and_search
find shows with Tina Fey,search
ادخل YouTube وشوف كتب مفيدة,open_app_and_search
find Dolby Atmos content,search
احكيلي نكتة,out_of_scope
افتح تطبيق Maps,open_app
start the sports app,open_app
نعم,out_of_scope
افتح تطبيق Netflix,open_app
go to Netflix and search for Korean dramas,open_app_and_search
search BAFTA winners,search
شو أخبارك؟,out_of_scope
افتح البلوتوث,settings
show system info,settings
bring up YouTube and find music videos,open_app_and_search
روح على الإعدادات,settings
go to Apple TV and find Ted Lasso,open_app_and_search
ارفع الصوت,settings
I’m trying to think clearly,out_of_scope
افتح Facebook وابحث عن صور طبيعة,open_app_and_search
open the music player,open_app
كيف أقدر ألاقي علاج الصداع,search
start Prime Video service and look for action,open_app_and_search
find boxing movies,search
احكيلي نكتة,out_of_scope
دلني على مواعيد الصلاة,search
فعل التنبيهات,settings
فين ألاقي أفضل المطاعم,search
الغ البلوتوث,settings
اخفض الصوت,settings
load Prime Video with look for thrillers,open_app_and_search
call my mom,out_of_scope
search Black Mirror,search
ادخل على إعدادات الشاشة,settings
ادخل على WiFi,settings
open up my Netflix,open_app
play a game,out_of_scope
modify volume,settings
شغل تطبيق Twitter,open_app
قلل الاهتزاز,settings
play chess with me,out_of_scope
start Netflix and look for stand-up comedy,open_app_and_search
روح على Google واعرض كتب مفيدة,open_app_and_search
ادخل على إعدادات الشاشة,settings
فعل WiFi,settings
start A&E,open_app
how do you stay so calm,out_of_scope
كيف حالك؟,out_of_scope
شغل YouTube ودور على مباريات اليوم,open_app_and_search
طفي الوضع الصامت,settings
افتح تطبيق Chrome,open_app
play music on my phone,out_of_scope
open Netflix please,open_app
show Bluetooth devices,settings
طفي GPS,settings
مش فاهم,out_of_scope
YouTube followed by find tutorials,open_app_and_search
كيف أقدر ألاقي أخبار الرياضة,search
switch to German,settings
ادخل Facebook وشوف أغاني هادئة,open_app_and_search
play some background music,out_of_scope
search Squid Game,search
start YouTube TV,open_app
search for movies with Scarlett Johansson,search
نعم,out_of_scope
find Academy Award films,search
لا,out_of_scope
ادخل على تطبيق YouTube,open_app
adjust caption size,settings
launch Disney Channel,open_app
launch YouTube for me,open_app
افتح البلوتوث,settings
start Acorn TV,open_app
I’m trying to lose weight,out_of_scope
using Netflix search for comedies,open_app_and_search
ابحث عن أخبار الرياضة,search
find disaster movies,search
play my podcast,out_of_scope
ادخل على WiFi,settings
search for supernatural shows,search
تمام,out_of_scope
I want to watch a film,search
افتح الانترنت,settings
افتح تطبيق Instagram الآن,open_app
install update,settings
calculate tip for 50 dollars,out_of_scope
روح على Google واعرض أغاني هادئة,open_app_and_search
فين ألاقي أسعار السيارات,search
افتح تطبيق TikTok,open_app
what's your purpose,out_of_scope
أنا جوعان,out_of_scope
switch to HDMI 1,settings
شغل Google ودور على أغاني هادئة,open_app_and_search
launch BritBox,open_app
شغل Chrome ودور على آخر الأخبار,open_app_and_search
I’m trying a new recipe,out_of_scope
افتح وضع الطيران,settings
start Opera browser,open_app
دلني على أسعار السيارات,search
find a show to watch,search
فعل الوضع الصامت,settings
what's 25 times 8,out_of_scope
شغل Google ودور على برامج مشهورة,open_app_and_search
روح على Instagram واعرض مطاعم قريبة,open_app_and_search
go to NFL Sunday Ticket,open_app
look for comedy shows,search
ارفع الاهتزاز,settings
add 456 and 789,out_of_scope
دلني على كورسات برمجة,search
شغل التنبيهات,settings
شو أطبخ اليوم؟,out_of_scope
I missed the bus,out_of_scope
start Chrome browser,open_app
change input source,settings
شغل Facebook ودور على فيديوهات تعليمية,open_app_and_search
فعل وضع الطيران,settings
convert 100 dollars to euros,out_of_scope
go to Cartoon Network,open_app
enhance screen brightness,settings
volume to maximum,settings
in the Netflix app search for horror,open_app_and_search
شو معنى الحياة؟,out_of_scope
ممكن تدور على وصفات طبخ,search
open Audible,open_app
غنيلي أغنية,out_of_scope
ادخل Instagram وشوف مباريات اليوم,open_app_and_search
شغل برنامج TikTok,open_app
شغل تطبيق Facebook,open_app
look for Friends,search
أريد معرفة معلومات عن كورسات برمجة,search
لا,out_of_scope
دور على وصفات طبخ,search
find shows with Sandra Oh,search
initiate Prime Video,open_app
go to HBO Max and find Batman movies,open_app_and_search
my hands are shaking,out_of_scope
ادخل Instagram وشوف برامج مشهورة,open_app_and_search
عايز معلومات عن كورسات برمجة,search
افتح تطبيق Snapchat,open_app
go to DirecTV Stream,open_app
will it rain tomorrow,out_of_scope
show me jungle movies,search
search for award winners,search
go to Now TV,open_app
افتح تطبيق Snapchat الآن,open_app
أنا جوعان,out_of_scope
الغ الموقع,settings
what's the weather,search
fix audio sync,settings
do you dream,out_of_scope
اذهب إلى WiFi,settings
تمام,out_of_scope
شغل برنامج YouTube,open_app
open YouTube and find travel vlogs,open_app_and_search
search medieval movies,search
افتح متصفح Chrome,open_app
disable bass boost,settings
افتح WiFi,settings
set viewing restrictions,settings
ممكن تدور على أفلام جديدة,search
ادخل على تطبيق Netflix,open_app
أريد معرفة معلومات عن أسعار الذهب,search
ارويلي قصة,out_of_scope
كيف أقدر ألاقي سعر الدولار,search
روح على Chrome واعرض مطاعم قريبة,open_app_and_search
شغل تطبيق Netflix,open_app
كيف حالك؟,out_of_scope
check for updates,settings
how's the weather today,search
اخفض السطوع,settings
مرحبا,out_of_scope
شو أطبخ اليوم؟,out_of_scope
enable ethernet,settings
اخفض الإضاءة,settings
do you like to help people,out_of_scope
افتح Instagram عشان أدور على أغاني هادئة,open_app_and_search
enable dynamic contrast,settings
أنا جوعان,out_of_scope
I’m not sure what to do,out_of_scope
find action movies,search
change to USB input,settings
start Prime Video look action movies quickly,open_app_and_search
search trilogy films,search
what's the temperature outside,out_of_scope
دور على تمارين رياضية,search
شغل متصفح Chrome,open_app
عايز معلومات عن أسعار الذهب,search
search cyberpunk movies,search
look for fashion shows,search
غنيلي أغنية,out_of_scope
فين ألاقي تمارين رياضية,search
افتح متصفح Chrome الآن,open_app
روح على إعدادات الصوت,settings
what's on my calendar,out_of_scope
search Avengers,search
زود السطوع,settings
head to Hulu,open_app
افتح الانترنت,settings
I’m visiting a friend later,out_of_scope
I feel nervous about tomorrow,out_of_scope
افتح تطبيق Spotify,open_app
فعل WiFi,settings
I want to see movies with Leonardo DiCaprio,search
check the traffic,out_of_scope
قلل الصوت,settings
volume to half,settings
افتح تطبيق Instagram الآن,open_app
تمام,out_of_scope
show me series with Hugh Laurie,search
start Funimation,open_app
شغل Chrome ودور على فيديوهات تعليمية,open_app_and_search
نعم,out_of_scope
open Tidal,open_app
ارفع الاهتزاز,settings
شغل تطبيق WhatsApp,open_app
شغل التنبيهات,settings
who won the game,out_of_scope
ادخل على تطبيق Gmail,open_app
disable power saving,settings
adjust zoom,settings
do you believe in aliens,out_of_scope
make screen brighter,settings
عايز معلومات عن مواعيد الصلاة,search
شغل برنامج Maps,open_app
روح على Instagram واعرض مباريات اليوم,open_app_and_search
start Disney Plus and I want Marvel content,open_app_and_search
افتح YouTube وابحث عن صور طبيعة,open_app_and_search
I’m planning my weekend,out_of_scope
switch to Prime Video app,open_app
شغل برنامج Facebook,open_app
شو رأيك بالسياسة؟,out_of_scope
go to Disney Plus then search Star Wars,open_app_and_search
I’m drinking coffee,out_of_scope
ادخل Facebook وشوف كتب مفيدة,open_app_and_search
using Prime Video look for action,open_app_and_search
افتح Instagram عشان أدور على برامج مشهورة,open_app_and_search
search German films,search
choose cable input,settings
is the post office open,out_of_scope
شغل الموقع,settings
quieter please,settings
bring me to YouTube and find tutorials,open_app_and_search
change backlight setting,settings
tell me a joke,out_of_scope
روح على Chrome واعرض مطاعم قريبة,open_app_and_search
change audio language,settings
find latest episodes,search
عايز معلومات عن علاج الصداع,search
شو أطبخ اليوم؟,out_of_scope
go to CBeebies,open_app
اخفض الإضاءة,settings
search for noir films,search
ممكن تدور على كورسات برمجة,search
launch YouTube find cat videos now,open_app_and_search
start the browser,open_app
open my YouTube channel,open_app
افتح تطبيق Netflix,open_app
decrease subtitle font,settings
start Hulu and look for Family Guy,open_app_and_search
adjust left-right balance,settings
it’s really cold today,out_of_scope
شغل Instagram ودور على مباريات اليوم,open_app_and_search
مرحبا,out_of_scope
كيف أقدر ألاقي تمارين رياضية,search
دور على سعر الدولار,search
اذهب إلى إعدادات الشاشة,settings
increase brightness,settings
jump to Spotify,open_app
launch Paramount Plus and search for Star Trek,open_app_and_search
اذهب إلى إعدادات الشاشة,settings
اختبرني في الرياضيات,out_of_scope
open Netflix and do a search for Inception,open_app_and_search
get me Spotify,open_app
اليوم كان طويل,out_of_scope
YouTube immediately,open_app
ادخل على تطبيق Gmail,open_app
أنا جوعان,out_of_scope
enable night mode audio,settings
what time is it for you,out_of_scope
افتح Chrome وابحث عن فيديوهات تعليمية,open_app_and_search
show me upcoming releases,search
show me time travel movies,search
YouTube show me cat videos,open_app_and_search
شغل Google ودور على كتب مفيدة,open_app_and_search
افتح تطبيق Maps,open_app
launch Red Bull TV,open_app
ادخل على تطبيق Maps,open_app
كيف أقدر ألاقي أخبار الرياضة,search
open Disney Plus and search for Star Wars,open_app_and_search
ادخل YouTube وشوف آخر الأخبار,open_app_and_search
go to Netflix search function and find Inception,open_app_and_search
ادخل Chrome وشوف فيديوهات تعليمية,open_app_and_search
I’m almost done working,out_of_scope
افتح تطبيق Twitter,open_app
روح على Facebook واعرض أغاني هادئة,open_app_and_search
تمام,out_of_scope
maximum brightness,settings
increase the sound,settings
set parental lock,settings
search PG rated movies,search
شغل تطبيق Twitter,open_app
افتح YouTube وابحث عن آخر الأخبار,open_app_and_search
اخفض الاهتزاز,settings
give me YouTube and let me find cat videos,open_app_and_search
روح على إعدادات الصوت,settings
start Netflix and look for thriller series,open_app_and_search
change to YouTube and find workout videos,open_app_and_search
مرحبا,out_of_scope
اخفض الاهتزاز,settings
ادخل Facebook وشوف مطاعم قريبة,open_app_and_search
I spilled my drink,out_of_scope
أريد معرفة معلومات عن أفضل المطاعم,search
شغل برنامج Snapchat,open_app
what should I wear,out_of_scope
today was amazing,out_of_scope
ابحث عن أسعار السيارات,search
show me Cannes winners,search
launch Safari,open_app
I'm listening to the rain,out_of_scope
لا,out_of_scope
الغ الموقع,settings
launch video app YouTube,open_app
find vampire movies,search
شغل Facebook ودور على برامج مشهورة,open_app_and_search
I'm charging my phone,out_of_scope
افتح Google وابحث عن مباريات اليوم,open_app_and_search
ممكن تدور على مواعيد الصلاة,search
افتح YouTube وابحث عن كتب مفيدة,open_app_and_search
start Prime Video look for action quick,open_app_and_search
روح على YouTube واعرض كتب مفيدة,open_app_and_search
اقفل WiFi,settings
start Prime Video and conduct a search for action,open_app_and_search
show me popular movies,search
شغل برنامج Spotify,open_app
شغل YouTube ودور على مباريات اليوم,open_app_and_search
افتح Chrome وابحث عن كتب مفيدة,open_app_and_search
change source,settings
navigate to Disney Plus and search Star Wars,open_app_and_search
volume down,settings
اقفل التنبيهات,settings
restore factory defaults,settings
find ocean documentaries,search
find Peaky Blinders,search
نعم,out_of_scope
find prison movies,search
restrict content,settings
دور على أماكن سياحية,search
ادخل Facebook وشوف أغاني هادئة,open_app_and_search
افتح Google وابحث عن كتب مفيدة,open_app_and_search
I’m heating my lunch,out_of_scope
كيف أقدر ألاقي أخبار الرياضة,search
دور على علاج الصداع,search
نعم,out_of_scope
افتح YouTube وابحث عن مطاعم قريبة,open_app_and_search
اختبرني في الرياضيات,out_of_scope
مش فاهم,out_of_scope
search for anime,search
كيف حالك؟,out_of_scope
disable screen timeout,settings
ممكن تدور على الطقس اليوم,search
Disney Plus fast,open_app
my phone is overheating,out_of_scope
someone knocked on my door,out_of_scope
I’m going to sleep,out_of_scope
افتح WiFi,settings
عايز معلومات عن محلات ملابس قريبة,search
open Netflix search Inception please,open_app_and_search
قلل الإضاءة,settings
شغل برنامج Spotify,open_app
افتح تطبيق Snapchat الآن,open_app
ادخل Chrome وشوف كتب مفيدة,open_app_and_search
ارويلي قصة,out_of_scope
أريد معرفة معلومات عن كورسات برمجة,search
what are you doing,out_of_scope
روح على WiFi,settings
search for entertainment,search
change screen size,settings
open Netflix application and search Inception,open_app_and_search
كيف حالك؟,out_of_scope
مرحبا,out_of_scope
افتح تطبيق YouTube,open_app
ادخل على تطبيق Maps,open_app
افتح متصفح Chrome الآن,open_app
do you have a hobby,out_of_scope
turn off voice enhancement,settings
فعل الموقع,settings
كيف حالك؟,out_of_scope
ممكن تدور على أسعار الذهب,search
execute YouTube and find cooking shows,open_app_and_search
open the weather app,open_app
افتح Facebook عشان أدور على مباريات اليوم,open_app_and_search
turn up the sound,settings
disable sleep timer,settings
turn on HDR,settings
launch WWE Network,open_app
افتح تطبيق WhatsApp الآن,open_app
ادخل Chrome وشوف آخر الأخبار,open_app_and_search
افتح تطبيق Netflix,open_app
مش فاهم,out_of_scope
دلني على أفلام جديدة,search
tell me something interesting,out_of_scope
شغل Facebook ودور على كتب مفيدة,open_app_and_search
ممكن تدور على سعر الدولار,search
كيف أقدر ألاقي الطقس اليوم,search
launch BBC iPlayer,open_app
get Netflix running,open_app
find period dramas,search
ادخل Google وشوف برامج مشهورة,open_app_and_search
كيف أقدر ألاقي مواعيد الصلاة,search
دلني على أسعار الذهب,search
change screen saver,settings
فعل WiFi,settings
ممكن تدور على أفضل المطاعم,search
look for legal dramas,search
go to YouTube to find cooking videos,open_app_and_search
Disney Plus service go and search animations,open_app_and_search
عايز معلومات عن وصفات طبخ,search
show me Italian cinema,search
افتح Instagram عشان أدور على مطاعم قريبة,open_app_and_search
Prime Video quick,open_app
I want to go for a walk,out_of_scope
turn off Dolby Atmos,settings
search Tom Hanks movies on Prime Video,open_app_and_search
أريد معرفة معلومات عن وظائف متاحة,search
in Prime Video look for action,open_app_and_search
minimum brightness,settings
ادخل Chrome وشوف أغاني هادئة,open_app_and_search
اذهب إلى إعدادات الصوت,settings
الغ وضع الطيران,settings
search YouTube for cat videos,open_app_and_search
ادخل على تطبيق Netflix,open_app
مش فاهم,out_of_scope
الغ الوضع الصامت,settings
عايز معلومات عن محلات ملابس قريبة,search
my flight was delayed,out_of_scope
افتح تطبيق YouTube الآن,open_app
do you have emotions,out_of_scope
"launch YouTube, find cat videos",open_app_and_search
I’m so excited,out_of_scope
search for spy series,search
find archaeology shows,search
افتح الانترنت,settings
أريد معرفة معلومات عن الطقس اليوم,search
روح على YouTube واعرض صور طبيعة,open_app_and_search
احكيلي نكتة,out_of_scope
decrease volume,settings
اقفل البيانات,settings
غنيلي أغنية,out_of_scope
فعل البيانات,settings
اقفل الوضع الصامت,settings
pull up Netflix and search for comedies,open_app_and_search
اقفل WiFi,settings
I had a bad day,out_of_scope
شغل تطبيق Netflix,open_app
open Netflix and I want to search for horror,open_app_and_search
روح على Chrome واعرض برامج مشهورة,open_app_and_search
دور على سعر الدولار,search
go to SoundCloud,open_app
show me war movies,search
فعل البلوتوث,settings
دور على أسعار الذهب,search
فعل التنبيهات,settings
find award winning movies,search
افتح Chrome عشان أدور على برامج مشهورة,open_app_and_search
search for stand-up comedy,search
launch Disney Plus and find Pixar movies,open_app_and_search
كيف أقدر ألاقي أخبار الرياضة,search
pair Bluetooth device,settings
start HBO Max and look for DC movies,open_app_and_search
open Nickelodeon,open_app
ادخل على تطبيق WhatsApp,open_app
أريد معرفة معلومات عن أخبار الرياضة,search
turn off HDR,settings
روح على YouTube واعرض فيديوهات تعليمية,open_app_and_search
I just woke up,out_of_scope
شغل برنامج Instagram,open_app
find Lord of the Rings,search
طفي البلوتوث,settings
search movies with subtitles,search
Netflix followed by search for horror,open_app_and_search
روح على Facebook واعرض مباريات اليوم,open_app_and_search
turn on HBO Max,open_app
فين ألاقي وظائف متاحة,search
ادخل Google وشوف أغاني هادئة,open_app_and_search
روح على Instagram واعرض آخر الأخبار,open_app_and_search
search nature documentaries,search
افتح Chrome وابحث عن آخر الأخبار,open_app_and_search
افتح تطبيق Twitter الآن,open_app
find Marvel in Disney Plus,open_app_and_search
access Apple TV,open_app
اليوم كان طويل,out_of_scope
افتح تطبيق Snapchat الآن,open_app
شغل البيانات,settings
طفي GPS,settings
ادخل Chrome وشوف كتب مفيدة,open_app_and_search
volume up,settings
reset all settings,settings
launch Noggin,open_app
شغل برنامج Maps,open_app
I feel too cold,out_of_scope
افتح تطبيق Snapchat,open_app
make it quieter,settings
look for Harry Potter,search
فعل وضع الطيران,settings
set language to Portuguese,settings
ممكن تدور على تمارين رياضية,search
search family friendly shows,search
افتح تطبيق WhatsApp,open_app
عايز معلومات عن أفلام جديدة,search
افتح Facebook وابحث عن كتب مفيدة,open_app_and_search
enable auto-update,settings
ابحث عن أماكن سياحية,search
run Hulu,open_app
ارفع الصوت,settings
طفي التنبيهات,settings
how old are you,out_of_scope
اقفل الوضع الصامت,settings
افتح WiFi,settings
افتح وضع الطيران,settings
افتح Chrome عشان أدور على برامج مشهورة,open_app_and_search
what can I watch tonight,search
search The Crown,search
ادخل على تطبيق Snapchat,open_app
put on Disney Plus,open_app
search for sequels,search
أنا جوعان,out_of_scope
مرحبا,out_of_scope
الغ البيانات,settings
open UFC Fight Pass,open_app
today is my birthday,out_of_scope
Prime Video followed by look for thrillers,open_app_and_search
افتح تطبيق Spotify,open_app
change to Italian,settings
start F1 TV,open_app
go to the fitness app,open_app
reset picture settings,settings
شو أخبارك؟,out_of_scope
غنيلي أغنية,out_of_scope
احكيلي نكتة,out_of_scope
شغل Chrome ودور على برامج مشهورة,open_app_and_search
change aspect ratio,settings
ابحث عن أخبار الرياضة,search
أريد معرفة معلومات عن كورسات برمجة,search
I’m feeling calm now,out_of_scope
enable power saving,settings
فين ألاقي وظائف متاحة,search
set to Arabic,settings
نعم,out_of_scope
look for Succession,search
start iHeartRadio,open_app
search for westerns,search
أنا جوعان,out_of_scope
افتح متصفح Chrome الآن,open_app
go to Vudu,open_app
اليوم كان طويل,out_of_scope
افتح تطبيق Gmail الآن,open_app
find cat videos in YouTube,open_app_and_search
دور على وصفات طبخ,search
افتح تطبيق Chrome,open_app
forget Bluetooth device,settings
ممكن تدور على الطقس اليوم,search
launch the app for music,open_app
افتح Instagram عشان أدور على مطاعم قريبة,open_app_and_search
افتح الإعدادات,settings
افتح الوضع الصامت,settings
تمام,out_of_scope
كيف أقدر ألاقي تمارين رياضية,search
go to PlayStation Now,open_app
كيف أقدر ألاقي تمارين رياضية,search
طفي التنبيهات,settings
I’m scared of spiders,out_of_scope
search Disney Plus for Marvel,open_app_and_search
my friend is late,out_of_scope
look for closed caption content,search
ادخل على تطبيق TikTok,open_app
روح على YouTube واعرض مباريات اليوم,open_app_and_search
ارفع السطوع,settings
شو معنى الحياة؟,out_of_scope
شو أطبخ اليوم؟,out_of_scope
روح على Chrome واعرض صور طبيعة,open_app_and_search
launch YouTube find cat videos immediately,open_app_and_search
دلني على أسعار السيارات,search
أنا جوعان,out_of_scope
search action thrillers,search
I feel so lazy today,out_of_scope
افتح برنامج Spotify الآن,open_app
YouTube search term cat videos,open_app_and_search
اقفل البلوتوث,settings
it's raining a lot,out_of_scope
ارويلي قصة,out_of_scope
افتح البيانات,settings
الغ الموقع,settings
my shoes are wet,out_of_scope
Disney Plus followed by search Pixar,open_app_and_search
ادخل Instagram وشوف آخر الأخبار,open_app_and_search
find The Batman,search
set auto-off timer,settings
افتح Instagram عشان أدور على مباريات اليوم,open_app_and_search
I'm very relaxed,out_of_scope
شغل تطبيق Twitter,open_app
روح على Chrome واعرض فيديوهات تعليمية,open_app_and_search
شغل Chrome ودور على صور طبيعة,open_app_and_search
شغل تطبيق Maps,open_app
عايز معلومات عن أفلام جديدة,search
شغل برنامج Maps,open_app
افتح Google عشان أدور على آخر الأخبار,open_app_and_search
I feel lost,out_of_scope
لا,out_of_scope
افتح تطبيق Maps الآن,open_app
launch YouTube platform and find cat videos,open_app_and_search
افتح GPS,settings
ممكن تدور على أفضل المطاعم,search
أريد معرفة معلومات عن الطقس اليوم,search
افتح تطبيق Snapchat الآن,open_app
افتح Instagram عشان أدور على مباريات اليوم,open_app_and_search
look up cat videos on YouTube,open_app_and_search
search epic length movies,search
start Twitch,open_app
شغل تطبيق Maps,open_app
look for Better Call Saul,search
find shows starring Bryan Cranston,search
I’m listening to birds outside,out_of_scope
أريد معرفة معلومات عن أفلام جديدة,search
change contrast,settings
disconnect from WiFi,settings
Disney Plus search Marvel,open_app_and_search
ابحث عن أخبار الرياضة,search
find Barbie,search
تمام,out_of_scope
change audio balance,settings
روح على Chrome واعرض صور طبيعة,open_app_and_search
open Netflix on my TV and search for Breaking Bad,open_app_and_search
فعل WiFi,settings
فين ألاقي الطقس اليوم,search
adjust display settings,settings
اقفل الانترنت,settings
what’s your favorite color,out_of_scope
روح على Google واعرض صور طبيعة,open_app_and_search
دلني على مواعيد الصلاة,search
ارويلي قصة,out_of_scope
اقفل WiFi,settings
I need some inspiration,out_of_scope
find quick watch films,search
YouTube find cat videos,open_app_and_search
clear cache,settings
search detective mysteries,search
ارويلي قصة,out_of_scope
decrease contrast,settings
search based on true story,search
let me access Disney Plus to search Marvel,open_app_and_search
open streaming app Netflix,open_app
find Avatar,search
query Disney Plus for Marvel,open_app_and_search
فين ألاقي أماكن سياحية,search
شو رأيك بالسياسة؟,out_of_scope
decrease saturation,settings
I want to paint something,out_of_scope
go to Disney Plus search Marvel fast,open_app_and_search
أنا جوعان,out_of_scope
start Nick Jr,open_app
launch Bravo,open_app
شغل تطبيق Twitter,open_app
search movies starring Denzel Washington,search
open Hulu,open_app
search for extended editions,search
ممكن تدور على كورسات برمجة,search
launch YouTube and perform a search for cat videos,open_app_and_search
روح على Facebook واعرض أغاني هادئة,open_app_and_search
نعم,out_of_scope
I feel overwhelmed,out_of_scope
اليوم كان طويل,out_of_scope
غنيلي أغنية,out_of_scope
start up Disney Plus and search for animated films,open_app_and_search
I’m late for work,out_of_scope
روح على Google واعرض مطاعم قريبة,open_app_and_search
كيف أقدر ألاقي أفضل المطاعم,search
turn down brightness,settings
فين ألاقي تمارين رياضية,search
open Boomerang,open_app
access Prime Video and look for Tom Hanks,open_app_and_search
مرحبا,out_of_scope
block channels,settings
I’m having trouble concentrating,out_of_scope
دلني على سعر الدولار,search
روح على Facebook واعرض أغاني هادئة,open_app_and_search
open Netflix and find comedies,open_app_and_search
افتح تطبيق YouTube,open_app
can you launch YouTube and find tutorials,open_app_and_search
Prime Video look for action,open_app_and_search
غنيلي أغنية,out_of_scope
ادخل على تطبيق WhatsApp,open_app
افتح Instagram عشان أدور على آخر الأخبار,open_app_and_search
افتح البيانات,settings
افتح الموقع,settings
افتح تطبيق WhatsApp الآن,open_app
تمام,out_of_scope
let me see YouTube,open_app
ممكن تدور على الطقس اليوم,search
go to The Great Courses,open_app
فين ألاقي أسعار السيارات,search
شغل تطبيق Facebook,open_app
open Fox Sports,open_app
شغل Facebook ودور على أغاني هادئة,open_app_and_search
روح على إعدادات الشاشة,settings
look for British shows,search
ادخل YouTube وشوف صور طبيعة,open_app_and_search
شغل برنامج Gmail,open_app
show me movie series,search
ادخل على متصفح Chrome,open_app
اخفض الاهتزاز,settings
uninstall app,settings
ادخل على إعدادات الشاشة,settings
كيف أقدر ألاقي مواعيد الصلاة,search
دور على أخبار الرياضة,search
شغل تطبيق YouTube,open_app
ادخل Instagram وشوف صور طبيعة,open_app_and_search
play rock music on Spotify,open_app_and_search
start YouTube and look for cooking tutorials,open_app_and_search
I'm worried about my exam,out_of_scope
ادخل على تطبيق Maps,open_app
افتح تطبيق Spotify,open_app
using YouTube find music videos,open_app_and_search
فعل الوضع الصامت,settings
find limited series,search
turn off eco mode,settings
my hands are cold,out_of_scope
اقفل التنبيهات,settings
ادخل Instagram وشوف مباريات اليوم,open_app_and_search
go into Prime Video and look for western movies,open_app_and_search
ادخل Facebook وشوف فيديوهات تعليمية,open_app_and_search
شغل تطبيق Instagram,open_app
go into Netflix and search Stranger Things,open_app_and_search
go to HBO Max and search for Harry Potter,open_app_and_search
screen too bright,settings
ادخل YouTube وشوف فيديوهات تعليمية,open_app_and_search
كيف حالك؟,out_of_scope
روح على Google واعرض فيديوهات تعليمية,open_app_and_search
I’m eating breakfast,out_of_scope
غنيلي أغنية,out_of_scope
شغل برنامج Gmail,open_app
start Apple TV and find documentaries,open_app_and_search
اقفل الانترنت,settings
افتح Instagram عشان أدور على مباريات اليوم,open_app_and_search
launch Apple Music,open_app
اذهب إلى WiFi,settings
connect to WiFi,settings
شو أطبخ اليوم؟,out_of_scope
افتح YouTube وابحث عن فيديوهات تعليمية,open_app_and_search
أنا جوعان,out_of_scope
مش فاهم,out_of_scope
launch video streaming,open_app
طفي البيانات,settings
ادخل على الإعدادات,settings
turn off safe mode,settings
لا,out_of_scope
شغل WiFi,settings
اختبرني في الرياضيات,out_of_scope
can you motivate me,out_of_scope
find Emmy award shows,search
افتح تطبيق Instagram,open_app
Netflix and search Inception,open_app_and_search
غنيلي أغنية,out_of_scope
open Viki,open_app
شغل برنامج YouTube,open_app
مرحبا,out_of_scope
fire up YouTube,open_app
launch Crunchyroll,open_app
أريد معرفة معلومات عن أسعار الذهب,search
change audio format,settings
شغل Google ودور على مطاعم قريبة,open_app_and_search
show my Disney Plus account,open_app
احكيلي نكتة,out_of_scope
فعل البلوتوث,settings
ارفع السطوع,settings
start the streaming service,open_app
ممكن تدور على أسعار السيارات,search
disable parental controls,settings
run Disney Plus with search for Marvel,open_app_and_search
افتح برنامج Spotify,open_app
raise the brightness,settings
set brightness to 80,settings
use Prime Video to look for westerns,open_app_and_search
افتح تطبيق Gmail الآن,open_app
ارويلي قصة,out_of_scope
I lost my pen,out_of_scope
search Prime Video for action,open_app_and_search
ابحث عن أفضل المطاعم,search
change subtitle style,settings
روح على Instagram واعرض مباريات اليوم,open_app_and_search
turn on sleep timer,settings
I can’t focus today,out_of_scope
روح على Instagram واعرض فيديوهات تعليمية,open_app_and_search
مش فاهم,out_of_scope
افتح تطبيق YouTube,open_app
YouTube,open_app
شغل Google ودور على آخر الأخبار,open_app_and_search
افتح Chrome عشان أدور على صور طبيعة,open_app_and_search
روح على إعدادات الشاشة,settings
شغل الوضع الصامت,settings
شغل تطبيق Twitter,open_app
مش فاهم,out_of_scope
modify color temperature,settings
launch Comedy Central,open_app
شغل Instagram ودور على فيديوهات تعليمية,open_app_and_search
find movies featuring Tom Cruise,search
set aspect ratio to 16:9,settings
ادخل Google وشوف كتب مفيدة,open_app_and_search
I’m waiting for the rain to stop,out_of_scope
start ITV Hub,open_app
دور على أفلام جديدة,search
أريد معرفة معلومات عن وصفات طبخ,search
brightness up,settings
ممكن تدور على أماكن سياحية,search
افتح تطبيق Chrome,open_app
اختبرني في الرياضيات,out_of_scope
افتح Facebook عشان أدور على مطاعم قريبة,open_app_and_search
launch Spotify,open_app
let me use Spotify,open_app
ادخل Chrome وشوف فيديوهات تعليمية,open_app_and_search
Netflix app open and search for horror films,open_app_and_search
open ESPN,open_app
look for The Witcher,search
find heist movies,search
ادخل YouTube وشوف آخر الأخبار,open_app_and_search
look up Breaking Bad,search
look for miniseries,search
I’m feeling nostalgic,out_of_scope
شغل برنامج Spotify,open_app
افتح Google وابحث عن أغاني هادئة,open_app_and_search
ممكن تدور على وصفات طبخ,search
Apple TV,open_app
افتح Facebook عشان أدور على مطاعم قريبة,open_app_and_search
launch the news app,open_app
عايز معلومات عن علاج الصداع,search
طفي البلوتوث,settings
open Showtime,open_app
فين ألاقي سعر الدولار,search
فين ألاقي أخبار الرياضة,search
مرحبا,out_of_scope
افتح تطبيق Facebook الآن,open_app
I’m not hungry anymore,out_of_scope
عايز معلومات عن الطقس اليوم,search
ادخل Facebook وشوف مباريات اليوم,open_app_and_search
I’m thinking about dessert,out_of_scope
set sleep timer,settings
sync audio,settings
change display mode,settings
طفي GPS,settings
شغل Facebook ودور على فيديوهات تعليمية,open_app_and_search
search movies under 90 minutes,search
ادخل على إعدادات الشاشة,settings
launch Starz,open_app
dim screen,settings
قلل الاهتزاز,settings
شغل YouTube ودور على مباريات اليوم,open_app_and_search
افتح Chrome عشان أدور على مباريات اليوم,open_app_and_search
do you like ice cream,out_of_scope
find prequel movies,search
شو رأيك بالسياسة؟,out_of_scope
disable night mode audio,settings
look for space movies,search
go Disney Plus then find Marvel,open_app_and_search
I need some quiet,out_of_scope
disable auto volume,settings
I want to travel the world,out_of_scope
اختبرني في الرياضيات,out_of_scope
شغل برنامج Spotify,open_app
find biographical films,search
launch Luna,open_app
search for something interesting,search
I’m laughing so hard,out_of_scope
شغل YouTube ودور على مباريات اليوم,open_app_and_search
افتح YouTube عشان أدور على برامج مشهورة,open_app_and_search
شو أطبخ اليوم؟,out_of_scope
pump up the volume,settings
افتح Instagram عشان أدور على مباريات اليوم,open_app_and_search
go to PBS Kids,open_app
find Jurassic Park,search
launch GeForce Now,open_app
دلني على الطقس اليوم,search
دور على سعر الدولار,search
شو معنى الحياة؟,out_of_scope
show me director's cut versions,search
افتح تطبيق Gmail,open_app
افتح الإعدادات,settings
go to my video app,open_app
search for indie films,search
الغ التنبيهات,settings
دلني على كورسات برمجة,search
I want to use Netflix,open_app
Prime,open_app
reduce volume,settings
شغل تطبيق Gmail,open_app
افتح تطبيق WhatsApp,open_app
أريد معرفة معلومات عن سعر الدولار,search
افتح تطبيق Gmail,open_app
enable game mode,settings
شغل Chrome ودور على صور طبيعة,open_app_and_search
ابحث عن الطقس اليوم,search
I’m thinking about moving,out_of_scope
utilize Disney Plus search and find Marvel,open_app_and_search
روح على Facebook واعرض فيديوهات تعليمية,open_app_and_search
افتح Google عشان أدور على صور طبيعة,open_app_and_search
عايز معلومات عن أخبار الرياضة,search
شغل برنامج Chrome,open_app
I’m eating fruit,out_of_scope
افتح Chrome وابحث عن مطاعم قريبة,open_app_and_search
مش فاهم,out_of_scope
open Prime Video and find sci-fi shows,open_app_and_search
I'm holding my breath,out_of_scope
افتح تطبيق Facebook,open_app
start Baby TV,open_app
ادخل على تطبيق Gmail,open_app
sing me a song,out_of_scope
I’m thinking about cooking pasta,out_of_scope
افتح Facebook وابحث عن صور طبيعة,open_app_and_search
افتح تطبيق Spotify,open_app
افتح WiFi,settings
أريد معرفة معلومات عن وصفات طبخ,search
search military movies,search
تمام,out_of_scope
روح على Google واعرض صور طبيعة,open_app_and_search
search for espionage thrillers,search
my blanket is so soft,out_of_scope
find new movies this month,search
open Steam Link,open_app
put on Hulu,open_app
روح على YouTube واعرض فيديوهات تعليمية,open_app_and_search
اقفل WiFi,settings
الغ الموقع,settings
اختبرني في الرياضيات,out_of_scope
اختبرني في الرياضيات,out_of_scope
show me real events movies,search
open Sky Go,open_app
search anthology shows,search
I feel optimistic,out_of_scope
I’m stretching my back,out_of_scope
I can't find my remote,out_of_scope
look for movies with Will Smith,search
find Ozark,search
ابحث عن تمارين رياضية,search
Disney Plus search keyword Marvel,open_app_and_search
نعم,out_of_scope
ادخل Facebook وشوف فيديوهات تعليمية,open_app_and_search
اختبرني في الرياضيات,out_of_scope
start Radio app,open_app
find dance movies,search
use Netflix to search for comedies,open_app_and_search
minimum volume,settings
أنا جوعان,out_of_scope
غنيلي أغنية,out_of_scope
افتح Google وابحث عن آخر الأخبار,open_app_and_search
مرحبا,out_of_scope
افتح تطبيق Instagram,open_app
مرحبا,out_of_scope
زود السطوع,settings
نعم,out_of_scope
روح على WiFi,settings
I feel sick,out_of_scope
الغ التنبيهات,settings
روح على Facebook واعرض فيديوهات تعليمية,open_app_and_search
find films with Johnny Depp,search
روح على Google واعرض صور طبيعة,open_app_and_search
دور على أفلام جديدة,search
افتح تطبيق Netflix الآن,open_app
ادخل على برنامج Spotify,open_app
execute Apple TV app,open_app
activate Netflix and find romantic comedies,open_app_and_search
find trending shows,search
ارفع الصوت,settings
شو معنى الحياة؟,out_of_scope
find unrated versions,search
اخفض الإضاءة,settings
دلني على أماكن سياحية,search
أريد معرفة معلومات عن وظائف متاحة,search
search classic films,search
start Kanopy,open_app
what movies are available,search
next input,settings
افتح متصفح Chrome,open_app
bring Netflix with search for horror,open_app_and_search
find House of the Dragon,search
I lost track of time,out_of_scope
go to Hoopla,open_app
I want to use YouTube to find music,open_app_and_search
شغل برنامج Snapchat,open_app
افتح تطبيق Instagram,open_app
search Wednesday,search
open Peacock TV,open_app
لا,out_of_scope
شغل تطبيق Netflix,open_app
bring up Hulu,open_app
شغل تطبيق Snapchat,open_app
I'm bored show me something,search
please start Prime Video and search westerns,open_app_and_search
الغ وضع الطيران,settings
شو رأيك بالسياسة؟,out_of_scope
افتح تطبيق Maps,open_app
شو رأيك بالسياسة؟,out_of_scope
شغل برنامج Spotify,open_app
افتح تطبيق WhatsApp,open_app
ادخل YouTube وشوف أغاني هادئة,open_app_and_search
turn off in 1 hour,settings
Spotify play rock music,open_app_and_search
دور على أماكن سياحية,search
افتح Google عشان أدور على مطاعم قريبة,open_app_and_search
show input options,settings
اخفض الصوت,settings
شغل برنامج Gmail,open_app
I’m walking outside,out_of_scope
عايز معلومات عن أماكن سياحية,search
ارويلي قصة,out_of_scope
مش فاهم,out_of_scope
روح على Google واعرض صور طبيعة,open_app_and_search
افتح تطبيق Facebook,open_app
روح على Facebook واعرض مطاعم قريبة,open_app_and_search
launch the video player,open_app
كيف أقدر ألاقي تمارين رياضية,search
ارفع السطوع,settings
manage apps,settings
اقفل التنبيهات,settings
اليوم كان طويل,out_of_scope
فين ألاقي علاج الصداع,search
I’m waiting for a package,out_of_scope
افتح تطبيق Instagram الآن,open_app
افتح Facebook عشان أدور على مباريات اليوم,open_app_and_search
go into Netflix,open_app
find binge-able series,search
شغل تطبيق Snapchat,open_app
start Prime Video,open_app
افتح تطبيق Gmail,open_app
I feel awkward,out_of_scope
I want top rated movies,search
turn off subtitles,settings
ادخل على WiFi,settings
افتح Facebook وابحث عن برامج مشهورة,open_app_and_search
شغل البلوتوث,settings
مرحبا,out_of_scope
turn off ambient mode,settings
search for top rated films,search
اقفل وضع الطيران,settings
show me superhero movies,search
start Adult Swim,open_app
search IMAX movies,search
مرحبا,out_of_scope
افتح تطبيق Gmail,open_app
روح على Google واعرض صور طبيعة,open_app_and_search
مرحبا,out_of_scope
turn on Bluetooth,settings
find comedies on Netflix,open_app_and_search
شغل Google ودور على صور طبيعة,open_app_and_search
enable developer options,settings
query Prime Video for action movies,open_app_and_search
show me family movies,search
روح على Facebook واعرض كتب مفيدة,open_app_and_search
enable surround sound,settings
brighten screen,settings
tell me something funny,out_of_scope
show me movies with Meryl Streep,search
دلني على تمارين رياضية,search
فين ألاقي أسعار الذهب,search
أنا جوعان,out_of_scope
افتح تطبيق Twitter,open_app
شغل متصفح Chrome,open_app
find Inception in Netflix,open_app_and_search
افتح Chrome عشان أدور على كتب مفيدة,open_app_and_search
I feel sleepy,out_of_scope
lower volume,settings
go to Sling TV,open_app
look for wildlife documentaries,search
access Prime Video,open_app
فين ألاقي أفلام جديدة,search
I’m sitting quietly,out_of_scope
I'm staring at the ceiling,out_of_scope
افتح YouTube وابحث عن أغاني هادئة,open_app_and_search
I need a break,out_of_scope
شغل برنامج Maps,open_app
افتح تطبيق Maps الآن,open_app
would you start Prime Video,open_app
show me gangster films,search
ادخل على تطبيق Netflix,open_app
غنيلي أغنية,out_of_scope
كيف أقدر ألاقي الطقس اليوم,search
فين ألاقي أماكن سياحية,search
افتح Chrome وابحث عن فيديوهات تعليمية,open_app_and_search
افتح تطبيق Twitter الآن,open_app
I want to meditate,out_of_scope
مش فاهم,out_of_scope
احكيلي نكتة,out_of_scope
روح على YouTube واعرض كتب مفيدة,open_app_and_search
change color settings,settings
find sports documentaries,search
enter YouTube and find tutorials,open_app_and_search
عايز معلومات عن أسعار الذهب,search
change subtitle size,settings
شغل Facebook ودور على صور طبيعة,open_app_and_search
افتح تطبيق Instagram,open_app
احكيلي نكتة,out_of_scope
افتح YouTube وابحث عن مباريات اليوم,open_app_and_search
screen too dark,settings
لا,out_of_scope
I don’t feel like talking,out_of_scope
فين ألاقي مواعيد الصلاة,search
search Japanese anime,search
ممكن تدور على محلات ملابس قريبة,search
افتح الانترنت,settings
my computer is very slow,out_of_scope
HBO Max find Game of Thrones,open_app_and_search
فين ألاقي مواعيد الصلاة,search
look for tattoo shows,search
unmute the TV,settings
افتح Instagram عشان أدور على أغاني هادئة,open_app_and_search
لا,out_of_scope
get my Prime Video,open_app
search mafia movies,search
I can’t stop laughing,out_of_scope
فين ألاقي أماكن سياحية,search
I feel hungry,out_of_scope
search for detective series,search
الغ التنبيهات,settings
adjust contrast,settings
I’m waiting for the bus,out_of_scope
افتح YouTube عشان أدور على كتب مفيدة,open_app_and_search
قلل السطوع,settings
الغ البلوتوث,settings
زود الصوت,settings
ابحث عن أسعار السيارات,search
فين ألاقي أخبار الرياضة,search
افتح YouTube عشان أدور على مباريات اليوم,open_app_and_search
ارفع السطوع,settings
شو رأيك بالسياسة؟,out_of_scope
"start Prime Video, look for action",open_app_and_search
افتح تطبيق Facebook الآن,open_app
find royal dramas,search
ممكن تدور على أسعار السيارات,search
look up Inception on Netflix,open_app_and_search
ادخل Chrome وشوف مباريات اليوم,open_app_and_search
find trending films,search
شغل تطبيق TikTok,open_app
I feel tired from work,out_of_scope
search for Inception,search
اليوم كان طويل,out_of_scope
شو أخبارك؟,out_of_scope
I’m looking out the window,out_of_scope
شغل الوضع الصامت,settings
search for Marvel on Disney Plus,open_app_and_search
شغل برنامج YouTube,open_app
شغل برنامج Chrome,open_app
افتح تطبيق Spotify,open_app
find movies from the 90s,search
find horror films,search
ابحث عن علاج الصداع,search
initialize Netflix,open_app
HBO,open_app
start Prime Video then look for sci-fi,open_app_and_search
شغل برنامج Netflix,open_app
ادخل على متصفح Chrome,open_app
ابحث عن كورسات برمجة,search
اقفل الموقع,settings
دور على أفلام جديدة,search
شغل YouTube ودور على أغاني هادئة,open_app_and_search
open FuboTV,open_app
search teen dramas,search
I’m watching the sunset,out_of_scope
turn on captions,settings
تمام,out_of_scope
افتح تطبيق Instagram,open_app
أنا جوعان,out_of_scope
افتح Google عشان أدور على برامج مشهورة,open_app_and_search
start that video thing,open_app
ادخل على تطبيق Netflix,open_app
افتح تطبيق YouTube الآن,open_app
ادخل Chrome وشوف كتب مفيدة,open_app_and_search
دلني على أسعار السيارات,search
show me children's content,search
switch to Prime Video,open_app
launch Prime Video to look for thrillers,open_app_and_search
search Star Wars,search
look for Dune,search
افتح Chrome عشان أدور على مباريات اليوم,open_app_and_search
أريد معرفة معلومات عن الطقس اليوم,search
افتح YouTube وابحث عن مباريات اليوم,open_app_and_search
فين ألاقي أماكن سياحية,search
change network,settings
افتح Google عشان أدور على أغاني هادئة,open_app_and_search
طفي WiFi,settings
شغل الموقع,settings
my shoes don't fit,out_of_scope
start content app Prime Video,open_app
launch Podcast app,open_app
ابحث عن علاج الصداع,search
run Netflix and search horror films,open_app_and_search
find action in Prime Video,open_app_and_search
دلني على سعر الدولار,search
افتح تطبيق Twitter الآن,open_app
find Game of Thrones,search
شغل Instagram ودور على كتب مفيدة,open_app_and_search
فين ألاقي أفلام جديدة,search
دور على علاج الصداع,search
start Disney Plus and look for National Geographic,open_app_and_search
I got sunburned,out_of_scope
ابحث عن أخبار الرياضة,search
ادخل YouTube وشوف برامج مشهورة,open_app_and_search
عايز معلومات عن وصفات طبخ,search
start Hulu and look for anime,open_app_and_search
افتح تطبيق Snapchat,open_app
look for mystery shows,search
زود الإضاءة,settings
change brightness level,settings
look for movie franchises,search
شغل برنامج Twitter,open_app
I don’t feel like cooking,out_of_scope
روح على Facebook واعرض أغاني هادئة,open_app_and_search
disable surround sound,settings
do you like music,out_of_scope
look for Spider-Man,search
search last week's additions,search
اذهب إلى إعدادات الشاشة,settings
افتح WiFi,settings
search films directed by Christopher Nolan,search
I forgot to buy milk,out_of_scope
ادخل Instagram وشوف برامج مشهورة,open_app_and_search
launch TED,open_app
مش فاهم,out_of_scope
ابحث عن محلات ملابس قريبة,search
I lost my wallet,out_of_scope
"go to Disney Plus, search Marvel",open_app_and_search
I'm talking to my friend,out_of_scope
find content with Robert Downey Jr,search
دلني على وصفات طبخ,search
افتح Google وابحث عن برامج مشهورة,open_app_and_search
شو أخبارك؟,out_of_scope
اقفل البلوتوث,settings
turn on sports mode,settings
launch YouTube on this device and find music videos,open_app_and_search
search for pirate films,search
أريد معرفة معلومات عن مواعيد الصلاة,search
my cat is acting weird,out_of_scope
search travel documentaries,search
عايز معلومات عن وصفات طبخ,search
تمام,out_of_scope
look for aviation documentaries,search
I’m waiting for someone to call me,out_of_scope
ادخل على تطبيق Snapchat,open_app
turn on safe mode,settings
نعم,out_of_scope
can you open Netflix,open_app
مش فاهم,out_of_scope
شغل التنبيهات,settings
find political thrillers,search
فين ألاقي أسعار السيارات,search
launch NBA League Pass,open_app
ممكن تدور على الطقس اليوم,search
طفي GPS,settings
ادخل YouTube وشوف أغاني هادئة,open_app_and_search
افتح YouTube عشان أدور على كتب مفيدة,open_app_and_search
افتح تطبيق Instagram,open_app
I’m chewing gum,out_of_scope
start Prime Video then locate action movies,open_app_and_search
ادخل Facebook وشوف مطاعم قريبة,open_app_and_search
open Google Stadia,open_app
روح على Chrome واعرض صور طبيعة,open_app_and_search
find kids movies,search
go to Vimeo,open_app
change to cool color,settings
افتح تطبيق Instagram,open_app
commence YouTube,open_app
عايز معلومات عن محلات ملابس قريبة,search
افتح Google وابحث عن برامج مشهورة,open_app_and_search
افتح تطبيق Netflix الآن,open_app
افتح الوضع الصامت,settings
ابحث عن كورسات برمجة,search
search for 4K movies,search
increase contrast,settings
افتح تطبيق Maps,open_app
روح على YouTube واعرض كتب مفيدة,open_app_and_search
I'm walking in circles,out_of_scope
شغل تطبيق YouTube,open_app
روح على YouTube واعرض برامج مشهورة,open_app_and_search
I want to sleep more,out_of_scope
disable WiFi,settings
I feel like crying,out_of_scope
go to settings app,open_app
شغل برنامج TikTok,open_app
لا,out_of_scope
كيف أقدر ألاقي أسعار السيارات,search
دلني على أفلام جديدة,search
look for this year's releases,search
احكيلي نكتة,out_of_scope
open the meditation app,open_app
افتح تطبيق Facebook,open_app
دلني على علاج الصداع,search
مش فاهم,out_of_scope
دلني على أفضل المطاعم,search
go to Silk browser,open_app
ممكن تدور على مواعيد الصلاة,search
احكيلي نكتة,out_of_scope
الغ التنبيهات,settings
find animated movies,search
افتح Instagram عشان أدور على أغاني هادئة,open_app_and_search
launch Disney Plus and search for Marvel shows,open_app_and_search
أريد معرفة معلومات عن الطقس اليوم,search
طفي البلوتوث,settings
select antenna input,settings
شغل تطبيق YouTube,open_app
افتح Facebook عشان أدور على مباريات اليوم,open_app_and_search
مش فاهم,out_of_scope
دلني على الطقس اليوم,search
ممكن تدور على الطقس اليوم,search
فين ألاقي أسعار السيارات,search
change to wide screen,settings
ادخل على تطبيق Netflix,open_app
كيف حالك؟,out_of_scope
افتح برنامج Spotify الآن,open_app
دلني على تمارين رياضية,search
شغل متصفح Chrome,open_app
I might adopt a pet,out_of_scope
find Chinese movies,search
change to HDMI 4,settings
look for Golden Globe nominees,search
show me Apple TV,open_app
launch DAZN,open_app
I’m confused about everything,out_of_scope
use Disney Plus to search animations,open_app_and_search
فين ألاقي وصفات طبخ,search
افتح GPS,settings
I have a headache,out_of_scope
الغ الوضع الصامت,settings
how are you today,out_of_scope
فعل الموقع,settings
turn on subtitles,settings
افتح Google وابحث عن آخر الأخبار,open_app_and_search
mute the TV,settings
دور على أفلام جديدة,search
اقفل WiFi,settings
I’m reading a book,out_of_scope
start CuriosityStream,open_app
شغل برنامج Gmail,open_app
ادخل Google وشوف برامج مشهورة,open_app_and_search
عايز معلومات عن علاج الصداع,search
دور على علاج الصداع,search
شغل تطبيق Netflix,open_app
I need more time,out_of_scope
I’m having trouble sleeping,out_of_scope
search movies based on books,search
I’m trying to save money,out_of_scope
look for castle documentaries,search
find dubbed versions,search
روح على Facebook واعرض كتب مفيدة,open_app_and_search
look up Marvel on Disney Plus,open_app_and_search
open Animal Planet,open_app
show me binge worthy series,search
احكيلي نكتة,out_of_scope
طفي GPS,settings
Disney Plus and search Pixar,open_app_and_search
روح على YouTube واعرض برامج مشهورة,open_app_and_search
switch to Korean,settings
go to Prime Video and find Jack Ryan,open_app_and_search
افتح Chrome عشان أدور على آخر الأخبار,open_app_and_search
activate vivid mode,settings
I feel confused,out_of_scope
launch YouTube and search for workout videos,open_app_and_search
اليوم كان طويل,out_of_scope
دور على أفلام جديدة,search
change to Japanese,settings
YouTube application launch and find tutorials,open_app_and_search
افتح تطبيق Instagram,open_app
I'm not feeling well,out_of_scope
modify picture settings,settings
اخفض السطوع,settings
افتح Chrome وابحث عن مطاعم قريبة,open_app_and_search
طفي الوضع الصامت,settings
search The Bear,search
افتح تطبيق WhatsApp الآن,open_app
previous input,settings
I’m so happy today,out_of_scope
Netflix search query Inception,open_app_and_search
شغل YouTube ودور على فيديوهات تعليمية,open_app_and_search
ادخل على تطبيق Maps,open_app
ادخل YouTube وشوف كتب مفيدة,open_app_and_search
اختبرني في الرياضيات,out_of_scope
open Golf Channel,open_app
أريد معرفة معلومات عن وصفات طبخ,search
ابحث عن وظائف متاحة,search
فين ألاقي سعر الدولار,search
show me monster movies,search
كيف أقدر ألاقي أفلام جديدة,search
اختبرني في الرياضيات,out_of_scope
do you know my name,out_of_scope
go to Firefox,open_app
launch Spotify and find meditation music,open_app_and_search
افتح تطبيق Gmail,open_app
turn on voice enhancement,settings
start Paramount Plus,open_app
الغ البيانات,settings
شغل Facebook ودور على آخر الأخبار,open_app_and_search
show me popular shows,search
دور على وظائف متاحة,search
boost volume,settings
دور على أخبار الرياضة,search
فعل GPS,settings
افتح GPS,settings
زود الإضاءة,settings
ادخل Google وشوف كتب مفيدة,open_app_and_search
افتح إعدادات الصوت,settings
I'm feeling lonely,out_of_scope
turn on eco mode,settings
افتح تطبيق TikTok,open_app
افتح تطبيق WhatsApp,open_app
افتح Chrome وابحث عن برامج مشهورة,open_app_and_search
شغل Chrome ودور على كتب مفيدة,open_app_and_search
فين ألاقي أسعار السيارات,search
I’m cleaning my room,out_of_scope
start the file manager,open_app
اختبرني في الرياضيات,out_of_scope
